<?xml version="1.0" encoding="UTF-8"?>
<project basedir=".." name="Blu-ray_Disc_Java_Project-IDE">
    <property file="build.properties"/>
    <!-- TODO: edit the following target according to your needs -->
    <!-- (more info: http://www.netbeans.org/kb/41/freeform-config.html#runsingle) -->
    <target name="run-selected-file-in-src">
        <fail unless="run.class">Must set property 'run.class'</fail>
        <ant antfile="build.xml" inheritall="false" target="bundle"/>
        <java classname="${run.class}" failonerror="true" fork="true">
            <classpath>
                <pathelement path="${bdj.classes}"/>
            </classpath>
        </java>
    </target>
</project>
